AppID,Nombre,Fecha_Lanzamiento,Géneros,Desarrollador
730,Counter-Strike 2,"21 Aug, 2012","Action, Free To Play",Valve
570,Dota 2,"9 Jul, 2013","Action, Strategy, Free To Play",Valve
578080,PUBG: BATTLEGROUNDS,"21 Dec, 2017","Action, Adventure, Massively Multiplayer, Free To Play",PUBG Corporation
1867240,WARDOGS,"10 Sep, 2026","Action, Indie, Massively Multiplayer, Simulation, Early Access",BULKHEAD
1172470,Apex Legends™,"4 Nov, 2020","Action, Adventure, Free To Play",Respawn
892970,Valheim,"9 Sep, 2026","Action, Adventure, Indie, RPG",Iron Gate AB
3419430,Bongo Cat,"5 Mar, 2025","Casual, Indie, Massively Multiplayer, Simulation, Free To Play",Irox Games
2676230,FiveM,,,
252490,Rust,"8 Feb, 2018","Action, Adventure, Indie, Massively Multiplayer, RPG",Facepunch Studios
4126040,Aniimo,"15 Sep, 2026","Action, Adventure, Massively Multiplayer, RPG, Simulation, Strategy, Free To Play",Pawprint Studio
2507950,Delta Force,"4 Dec, 2024","Action, Adventure, Massively Multiplayer, Free To Play",Team Jade
431960,Wallpaper Engine,"16 Nov, 2018","Casual, Indie, Animation & Modeling, Design & Illustration, Photo Editing, Utilities",Wallpaper Engine Team
2868840,Slay the Spire 2,"5 Mar, 2026","Indie, Strategy, Early Access",Mega Crit
3678970,TBH: Task Bar Hero,"27 May, 2026","Casual, Indie, RPG, Free To Play","Nugem Studio, Tesseract Studio"
236390,War Thunder,"15 Aug, 2013","Action, Massively Multiplayer, Simulation, Free To Play",Gaijin Entertainment
1623730,Palworld,"9 Jul, 2026","Action, Adventure, Indie, RPG",Pocketpair
250900,The Binding of Isaac: Rebirth,"4 Nov, 2014",Action,"Nicalis, Inc., Edmund McMillen"
3240220,Grand Theft Auto V Enhanced,"4 Mar, 2025","Action, Adventure, Racing",Rockstar North
2357570,Overwatch®,"10 Aug, 2023","Action, Free To Play","Blizzard Entertainment, Inc."
413150,Stardew Valley,"26 Feb, 2016","Indie, RPG, Simulation",ConcernedApe
440,Team Fortress 2,"10 Oct, 2007","Action, Free To Play",Valve
1973530,Limbus Company,"26 Feb, 2023",Free To Play,ProjectMoon
271590,Grand Theft Auto V Legacy,"13 Apr, 2015","Action, Adventure",Rockstar North
359550,Tom Clancy's Rainbow Six Siege,"1 Dec, 2015","Action, Free To Play",Ubisoft Montreal
2767030,Marvel Rivals,"5 Dec, 2024","Action, Adventure, Casual, Massively Multiplayer, Racing, RPG, Strategy, Free To Play",NetEase Games
230410,Warframe,"25 Mar, 2013","Action, RPG, Free To Play",Digital Extremes
381210,Dead by Daylight,"14 Jun, 2016",Action,Behaviour Interactive Inc.
108600,Project Zomboid,"8 Nov, 2013","Indie, RPG, Simulation, Early Access",The Indie Stone
1203220,NARAKA: BLADEPOINT,"11 Aug, 2021","Action, Adventure, Massively Multiplayer, Free To Play",24 Entertainment
2694490,Path of Exile 2,"6 Dec, 2024","Action, Adventure, Massively Multiplayer, RPG, Early Access",Grinding Gear Games
394360,Hearts of Iron IV,"6 Jun, 2016","Simulation, Strategy",Paradox Development Studio
1422450,Deadlock,To be announced,Action,Valve
438100,VRChat,"1 Feb, 2017","Adventure, Casual, Massively Multiplayer, Simulation, Sports, Free To Play, Early Access",VRChat Inc.
105600,Terraria,"16 May, 2011","Action, Adventure, Indie, RPG",Re-Logic
3405690,EA SPORTS FC™ 26,"25 Sep, 2025","Simulation, Sports","EA Canada, EA Romania"
553850,HELLDIVERS™ 2,"8 Feb, 2024",Action,Arrowhead Game Studios
4891320,[WoG] War of Genesis: Idle Loot,"10 Sep, 2026","Action, Casual, RPG, Free To Play, Early Access",New Normal Soft Inc.
2246340,Monster Hunter Wilds,"27 Feb, 2025","Action, Adventure, RPG","CAPCOM Co., Ltd."
1086940,Baldur's Gate 3,"3 Aug, 2023","Adventure, RPG, Strategy",Larian Studios
2344520,Diablo® IV,"17 Oct, 2023","Action, Adventure, Casual, Massively Multiplayer, RPG","Blizzard Entertainment, Inc."
322330,Don't Starve Together,"21 Apr, 2016","Action, Adventure, Indie, RPG, Simulation, Strategy",Klei Entertainment
322170,Geometry Dash,"22 Dec, 2014","Action, Indie",RobTop Games
289070,Sid Meier’s Civilization® VI,"20 Oct, 2016",Strategy,"Firaxis Games, Aspyr (Mac), Aspyr (Linux)"
4001890,How to Fish,"20 Aug, 2026","Action, Casual, Indie, Simulation",Dazed Games
275850,No Man's Sky,"12 Aug, 2016","Action, Adventure",Hello Games
1245620,ELDEN RING,"24 Feb, 2022","Action, RPG","FromSoftware, Inc."
2807960,Battlefield™ 6,"10 Oct, 2025",Action,Battlefield Studios
1174180,Red Dead Redemption 2,"5 Dec, 2019","Action, Adventure",Rockstar Games
2073620,Arena Breakout: Infinite,"15 Sep, 2025","Action, Adventure, Massively Multiplayer, RPG, Strategy, Free To Play",Morefun Studios
3551340,Football Manager 26,"4 Nov, 2025","Simulation, Sports, Strategy",Sports Interactive
1091500,Cyberpunk 2077,"9 Dec, 2020",RPG,CD PROJEKT RED
221100,DayZ,"13 Dec, 2018","Action, Adventure, Massively Multiplayer",Bohemia Interactive
227300,Euro Truck Simulator 2,"12 Oct, 2012","Indie, Simulation",SCS Software
261550,Mount & Blade II: Bannerlord,"25 Oct, 2022","Action, Indie, RPG, Simulation, Strategy",TaleWorlds Entertainment
1366800,Crosshair X,"17 Aug, 2020","Action, Adventure, Indie, Software Training, Utilities",CenterPoint Gaming
3932890,Escape from Tarkov,"15 Nov, 2025","Action, Massively Multiplayer, RPG, Simulation",Battlestate Games
1364780,Street Fighter™ 6,"1 Jun, 2023","Action, Adventure","CAPCOM Co., Ltd."
2300320,Farming Simulator 25,"12 Nov, 2024",Simulation,GIANTS Software
294100,RimWorld,"17 Oct, 2018","Indie, Simulation, Strategy",Ludeon Studios
1281930,tModLoader,"16 May, 2020","Action, Adventure, Indie, RPG, Free To Play",TML Team
251570,7 Days to Die,"25 Jul, 2024","Action, Adventure, Indie, RPG, Simulation, Strategy",The Fun Pimps
1905180,OBS Studio,"21 Mar, 2022","Utilities, Video Production",OBS Project
2638890,Onimusha: Way of the Sword,"3 Sep, 2026","Action, Adventure, RPG","CAPCOM Co., Ltd."
1142710,Total War: WARHAMMER III,"16 Feb, 2022","Action, Strategy","CREATIVE ASSEMBLY, Feral Interactive"
594650,Hunt: Showdown 1896,"27 Aug, 2019",Action,Crytek
1938090,Call of Duty®,"27 Oct, 2022",Action,"Treyarch, Raven Software, Beenox, High Moon Studios, Sledgehammer Games, Infinity Ward, Activision Shanghai, Demonware"
582010,Monster Hunter: World,"8 Aug, 2018",Action,"CAPCOM Co., Ltd."
3241660,R.E.P.O.,"26 Feb, 2025","Action, Early Access",semiwork
2622380,ELDEN RING NIGHTREIGN,"29 May, 2025","Action, RPG","FromSoftware, Inc."
3527290,PEAK,"16 Jun, 2025","Action, Adventure, Indie",Team PEAK
4000,Garry's Mod,"29 Nov, 2006","Casual, Indie, Simulation",Facepunch Studios
550,Left 4 Dead 2,"16 Nov, 2009",Action,Valve
2483190,Forza Horizon 6,"18 May, 2026","Racing, Simulation, Sports",Playground Games
1665460,eFootball™,"29 Sep, 2021","Simulation, Sports, Free To Play",KONAMI
1222670,The Sims™ 4,"18 Jun, 2020","Adventure, Casual, Simulation, Free To Play",Maxis
2139460,Once Human,"9 Jul, 2024","Action, Adventure, Casual, Massively Multiplayer, Racing, RPG, Simulation, Strategy, Free To Play",Starry Studio
2358720,Black Myth: Wukong,"19 Aug, 2024","Action, Adventure, RPG",Game Science
3321460,Crimson Desert Enhanced,"19 Mar, 2026","Action, Adventure",Pearl Abyss
489830,The Elder Scrolls V: Skyrim Special Edition,"27 Oct, 2016",RPG,Bethesda Game Studios
2399830,ARK: Survival Ascended,"25 Oct, 2023","Action, Adventure, Indie, Massively Multiplayer, RPG, Early Access","Studio Wildcard, Grove Street Games, Instinct Games"
376210,The Isle,"1 Dec, 2015","Action, Adventure, Indie, Massively Multiplayer, Simulation, Early Access",Afterthought LLC
284160,BeamNG.drive,"29 May, 2015","Racing, Simulation, Early Access",BeamNG
5075680,Graveyard Keeper 2 Demo,"14 Sep, 2026","Adventure, RPG, Simulation",Lazy Bear Games
1158310,Crusader Kings III,"1 Sep, 2020","RPG, Simulation, Strategy",Paradox Development Studio
813780,Age of Empires II: Definitive Edition,"14 Nov, 2019",Strategy,"World's Edge, Forgotten Empires, CaptureAge, Tantalus Media, Wicked Witch, Feral Interactive"
582660,Black Desert,"24 May, 2017","Action, Adventure, Massively Multiplayer, RPG, Strategy",Pearl Abyss
1049590,Eternal Return,"19 Jul, 2023",,Nimble Neuron
766570,Russian Fishing 4,"10 Nov, 2021","Adventure, Casual, Massively Multiplayer, RPG, Simulation, Sports, Free To Play",FishSoft LLC
1449850,Yu-Gi-Oh! Master Duel,"18 Jan, 2022","Simulation, Strategy, Free To Play",KONAMI
4356430,NBA 2K27,"3 Sep, 2026",Sports,Visual Concepts
218620,PAYDAY 2,"13 Aug, 2013","Action, RPG","OVERKILL - a Starbreeze Studio., Sidetrack Games"
39210,FINAL FANTASY XIV Online,"18 Feb, 2014","Massively Multiplayer, RPG",Square Enix
2252570,Football Manager 2024,"6 Nov, 2023","Simulation, Sports, Strategy",Sports Interactive
427520,Factorio,"14 Aug, 2020","Casual, Indie, Simulation, Strategy",Wube Software LTD.
2183900,"Warhammer 40,000: Space Marine 2","9 Sep, 2024","Action, Adventure, RPG",Saber Interactive
252950,Rocket League®,"6 Jul, 2015","Action, Indie, Racing, Sports",Psyonix LLC
629520,Soundpad,"30 Sep, 2017","Audio Production, Utilities",Leppsoft
4080220,EA SPORTS FC™ 27,"24 Sep, 2026","Simulation, Sports","EA CANADA, EA Romania"
4225980,Trails in the Sky 2nd Chapter,"16 Sep, 2026","Action, Adventure, RPG",Nihon Falcom
2402680,Dimraeth,"15 Sep, 2026","Action, Adventure, RPG, Early Access",Mudtek
3008130,Dying Light: The Beast,"18 Sep, 2025","Action, Adventure, RPG",Techland
3407390,ENDLESS Legend™ 2,"17 Sep, 2026","RPG, Simulation, Strategy",AMPLITUDE Studios
